============ENSTA-SUBMARINE============

         mortier@ensta-paristech.fr
         Ahmed.Chemori@lirmm.fr
         "Alex FABAREZ" <alex.fabarez@dbmail.com>
         "Alex FABAREZ" <alex.fabarez@ensta.org>
         "Andrew Comport" <comport@i3s.unice.fr>
         "Anne Deschamps" <anne.deschamps@univ-brest.fr>
         "Anny LAURANTIN" <Anny.Laurantin@ifremer.fr>
         "ANTHIERENS Cedric" <cedric.anthierens@supmeca.fr>
         antoine.gademer@gmail.com
         "Arnaud Reichart" <arnaud.reichart@ensta-paristech.fr>
         arnaud.meline@lirmm.fr
         assia.belbachir@esigelec.fr
         aurelie.arnaud@edf.fr
         "Aurelien Plyer" <aurelien.plyer@gmail.com>
         barat@i3s.unice.fr
         beaudoin@esiea.fr
         benjamin.benharrosh@delair-tech.com
         Benoit.clement@ensta-bretagne.fr
         "BERTHAUD Yves" <yves.berthaud@upmc.fr>
         "Bruno Monsuez" <bruno.monsuez@ensta-paristech.fr>
         Bruno.Berberian@onera.fr
         Bruno.Wirtz@univ-brest.fr
         carre@mmsh.univ-aix.fr
         cedric.pradalier@georgiatech-metz.fr
         "Christophe MORHANGE" <morhange@cerege.fr>
         christophe.guevel@cggveritas.com
         cyrille.vuilmet@dga.defense.gouv.fr
         "Dan Tchernov" <dtchernov@univ.haifa.ac.il>
         "Daniel Simon" <Daniel.Simon@inria.fr>
         "David Andreu" <andreu@lirmm.fr>
         "David Antoine" <david.antoine@obs-vlfr.fr>
         "David Filliat" <david.filliat@ensta-paristech.fr>
         "Denis PLANE" <denis.plane@polytechnique.org>
         denis.degez@culture.gouv.fr
         denis.metzger@culture.gouv.fr
         Didier.lucor@upmc.fr
         divine.maalouf@lirmm.fr
         "Emmanuel Alessandrini" <Emmanuel.Alessandrini@dt.insu.cnrs.fr>
         "Eric Fouache" <eric.g.fouache@wanadoo.fr>
         "Etienne Ruellan" <ruellan@cnrs-dir.fr>
         "Eva CRUCK" <eva.cruck@dga.defense.gouv.fr>
         "Felix Ingrand" <felix@laas.fr>
         "florence tardivel" <florence.tardivel@ensta-paristech.fr>
         franca.cibecchini@culture.gouv.fr
         frederic.boyer@mines-nantes.fr
         frederic.leroy@culture.gouv.fr
         Garcia@mmsh.univ-aix.fr
         gerard.douchet@edf.fr
         "Giulia Boetto" <boetto@mmsh.univ-aix.fr>
         Guillaume.Allibert@unice.fr
         guillaume.perolle@tecnalia.com
         Guillermo.prieto@etu.upmc.fr
         "guy somekh" <guy.somekh@ensta.org>
         Hélène Dumontet <helene.dumontet@upmc.fr>
         "HEYER Laurent" <laurent.heyer@marine.defense.gouv.fr>
         "hua" <hua@isir.upmc.fr>
         isabelle.clery@ign.fr
         isabelle.leonard@isen.fr
         Isabelle.QUIDU@ensta-bretagne.fr
         Isabelle.tanchou@ensta-paristech.fr
         Jan.Opderbecke@ifremer.fr
         "Javier Escartin" <escartin.javier@gmail.com>
         Jean-Christophe.Sarrazin@onera.fr
         jean-christophe.sourisseau@univ-amu.fr
         "Jean-Philippe Brunet" <jean-philippe.brunet@fr.thalesgroup.com>
         jerome.de.dinechin@gmail.com
         jerome.demiras@hds.utc.fr
         "Joao Rendas" <rendas@i3s.unice.fr>
         jonathan.grimsdale@cggveritas.com
         "karim bernardet" <karim.bernardet@dt.insu.cnrs.fr>
         laure.amate@isen.fr
         Laurence Decréau <laurence.decreau@ensta-paristech.fr>
         "Laurent Beguery" <laurent.beguery@dt.insu.cnrs.fr>
         leymarie@obs-vlfr.fr
         lhaumonte@kietta.com
         lionel.lapierre@lirmm.fr
         loica.avanthey@gmail.com
         "Lorenzo BRIGNONE" <Lorenzo.Brignone@ifremer.fr>
         Luc.JAULIN@ensta-bretagne.fr
         "Magali Barbier" <Magali.Barbier@onera.fr>
         marc.pierrot-deseilligny@ign.fr
         mathieu.boda@gmail.com
         Mathieu.Porez@mines-nantes.fr
         michel.lhour@culture.gouv.fr
         michel.manin@thalaseis.com
         Michèle VIE <michele.vie@isir.upmc.fr>
         mohamed_saad.ibn_seddik@ensta-bretagne.fr
         mortier@ensta-paristech.fr
         mourad.el-amouri@ips-o.fr
         Nicolas.Carlesi@lirmm.fr
         olivia.hulot@culture.gouv.fr
         "Olivier Chocron" <chocron@enib.fr>
         Pascal.martinez@acute3D.com
         Patrice.Bourdelais@cnrs-dir.fr
         "Patrick Rives" <Patrick.Rives@inria.fr>
         "Philippe Bidaud" <Philippe.Bidaud@isir.upmc.fr>
         "Philippe Meyne" <philippe.meyne@ensta-paristech.fr>
         "Pierre Testor" <testor@locean-ipsl.upmc.fr>
         pierre.inisan@sbg-systems.com
         pierrick.daniel@cgg.com
         plumet@isir.upmc.fr
         "Rafael Garcia" <rafael.garcia@udg.edu>
         Remi.Boutteau@esigelec.fr
         renaud.keriven@acute3D.com
         romain.michalec@ensta.org
         romain.rossi@esigelec.fr
         s.rubrecht@bouygues-construction.com
         sa@comex.fr
         saoud@isis.upmc.fr
         sebtusa@archeosicilia.it
         Siegenthaler Cédric <cedricsi@student.ethz.ch>
         "Simon Lacroix" <Simon.Lacroix@laas.fr>
         stephane.rocher@cggveritas.com
         tamara.brizard@arkeocean.com
         "Tarek Hamel thamel" <@i3s.unice.fr>
         thierry.brizard@cggveritas.com
         "Thomas Loiseleux" <thomas.loiseleux@ensta-paristech.fr>
         thomas@sousselier.fr
         triboule@lirmm.fr
         triboulet@lirmm.fr
         valerie.auffray@tecnalia.com
         "Vincent RIGAUD" <Vincent.Rigaud@ifremer.fr>
         Vincent.Creuze@lirmm.fr
         vincent.drevelle@ensta-bretagne.fr
         vincent.lebastard@mines-nantes.fr
         "william berthomiere" <william.berthomiere@univ-poitiers.fr>
         "Youcef MEZOUAR" <Youcef.MEZOUAR@ubpmes.univ-bpclermont.fr>
         "Yves Briere" <yves.briere@isae.fr>
         "Antoine Manzanera" <antoine.manzanera@ensta.fr>
         "Omar Hammami" <Omar.Hammami@ensta-paristech.fr>
         thierry.bernard@ensta-paristech.fr
         marc.arsicault@univ-poitiers.fr
         perdereau@isir.upmc.fr

============EURO-SDR============
car@ipf.tuwien.ac.at
k.legat@avt.at
Daniela.Oberhuber@fmm.at
Klaus.Gwinner@dlr.de
jagoncal@fc.up.pt
mikko.sippo@pieneering.fi
idrissa@elec.rma.ac.be
heiko.hirschmueller@dlr.de
Roland.Perko@joanneum.at
L.Abele@geosystems.de
cstent@mail.ntua.gr
Tobias_Heuchel@Trimble.com
herten@geocart.de
Sylvain.Leost@astrium.eads.net
Laurent.Pavet@astrium.eads.net
----------------------------------------------------------------
=========== FORETSRY===================
David.Hladnik@bf.uni-lj.si
Francis.DE.MOROGUES@fcba.fr
MagyarZs@nebih.gov.hu
dan@roifn.ro
Merisa Osmanović <merisaosmanovic@gmail.com>
Gianpaolo Conte <gianpaolo.conte@liu.se>
Hajek.Filip@uhul.cz
anne.jolly@onf.fr
p.lejeune@ulg.ac.be
bauwens.sebastien@gmail.com

============= HK University ==============

gwang@ust.hk 
jpwang@ust.hk 
jzhao@ust.hk 

================ WHU AN UNIVERSITY ===========


ymlan@sgg.whu.edu.cn
cjxu@sgg.whu.edu.cn
cjxu@whu.edu.cn
shxzhang@sgg.whu.edu.cn
ehwei@sgg.whu.edu.cn
xhzhang@sgg.whu.edu.cn
jgzou@sgg.whu.edu.cn
ybli@sgg.whu.edu.cn
ywu@sgg.whu.edu.cn
xhxu@sgg.whu.edu.cn
jgzou@sgg.whu.edu.cn
kjyang@sgg.whu.edu.cn
xdmao@sgg.whu.edu.cn
hjshi@sgg.whu.edu.cn
zmwang@sgg.whu.edu.cn
qyzhang@sgg.whu.edu.cn
lxcao@sgg.whu.edu.cn

============== DIVERS ================

moussiabdelkader@ymail.com
andrea@gavagnin.com
monica.marras@unica.it
syb51@163.com
R.Schneider@geosystems.de
sophie.passot@univ-lyon1.fr
serra1612@gmail.com
hutard@itlink.fr
uvsyd@raa.se
fornamn.efternamn@raa.se
riksant@raa.se 
uvmitt@raa.se 
uvvast@raa.se 
uvost@raa.se 
atongyoo@gmail.com
colin.brooks@mtu.edu
rjdobson@mtu.edu
shuchman@mtu.ed
nikola.subotic@mtu.edu
greg.leonard@mtu.edu
lisa.phillips@mtu.edu
joseph.burns@mtu.edu
d.armand@ipgq.u-bordeaux1.fr
Geert.Verhoeven@Archpro.lbg.ac.at
meerstone@blueyonder.co.uk
Michael.Doneus@archpro.lbg.ac.at
epidote@ntut.edu.tw
roufei@earth.sinica.edu.tw
ahmed.mebarki@univ-mlv.fr
imenboudhiba@yahoo.fr
patrick.j.kami@gmail.com
 diouani.karima@hotmail.fr 
mallada47@hotmail.com
SRAN@cowi.dk
emmanuel.lebrun@sites.fr
pierre.carreaud@sites.fr
thijs.van-lankveld@inria.fr
florent.lafarge@inria.fr
edieye@univ-zig.sn

mk.kharrat@gmail.com
mpsi.bilal@gmail.com
Maxime.ROUSSEAU@sintegra.fr
kolatali@gmx.net
armelle.couillet@free.fr
pierre.blanc@ciheam.org
catherine.domingues@ign.fr
smr.harb@gmail.com
niper26@libero.it
ffmgirallegna@gmail.com
jasmine.d.salachas@wanadoo.fr
scastillop@gmail.com
nicolas.gaucher@vinci-construction-terrassement.com
yuegangliang_whu@126.com
duanfuzhou@263.net
jean-marie.baroy@culture.gouv.fr
d.happe@artgp.fr
renaud.marti@gmail.com
julie.Favario@cemagref.fr,
oldrich.navratil@cemagref.fr,
catherine.fouchier@irstea.fr,
dominique.breil@irstea.fr,
mathieu.tolsa@irstea.fr,
maud.pilon@irstea.fr,
nathalie.folton@irstea.fr,
patrick.arnaud@irstea.fr,
sandrine.lallias@irstea.fr
coraline.bel@irstea.fr
Laurence.Bergougnoux@univ-amu.fr
corinne.gouvernet@technicom-sa.fr
arnaud.mistre@technicom-sa.fr
zizidiaz@live.com
hadjali.yacine@gmail.com
andre.oribasi@heig-vd.ch
michel.kasser@heig-vd.ch
paul-henri.cattin@heig-vd.ch
willyfrancksob@gmail.com
jackeen@gmail.com
sun@ipgp.fr
denis.feurer@ird.fr
olivier.planchon@gmail.com
drch@cowi.dk
x.perrot@mtsi-europe.eu
Nicolas.Delley@heig-vd.ch
dragos.constantin@epfl.ch
d012702@polito.it
Maxime.ROUSSEAU@sintegra.fr

============================ EPFL ===========

      == Topo ==========
dragos.constantin@epfl.ch
yosef.akhtman@epfl.ch
pierre-yves.gillieron@epfl.ch
mehran.khaghani@epfl.ch
bertrand.merminod@epfl.ch
martin.rehak@epfl.ch
jan.skaloud@epfl.ch
yannick.stebler@epfl.ch
audrey.ueberschlag@epfl.ch
      == SIG ==========
 regis.caloz@epfl.ch
 benjamin.dauphin@epfl.ch
 antoine.fredericq@epfl.ch
 loic.gasser@epfl.ch
 francois.golay@epfl.ch
 ahmed.hajasaad@epfl.ch
 jens.ingensand@epfl.ch
 stephane.joost@epfl.ch
 otto.koelbl@epfl.ch
 nicolas.lachance-bernard@epfl.ch
 kevin.leempoel@epfl.ch
 jessie.madrazo@epfl.ch
 claudio.carneiro@epfl.ch
 adrian.moriette@epfl.ch
 magdalena.naparus@epfl.ch
 timothee.produit@epfl.ch
 marc.riedo@epfl.ch
 marc.soutter@epfl.ch
 emanuele.strano@epfl.ch
 sylvie.stucki@epfl.ch
 devis.tuia@epfl.ch
 ivo.widmer@epfl.ch

========== Mail de mauro.rossi@irpi.cnr.it   ===========

Voir http://www.iaeg2014.com/


eugenia.monaco@gmail.com
mauro.rossi@irpi.cnr.it 
dino.torri@cnr.it
jean.poesen@ees.kuleuven.be
gchirico@unina.it
stefano.mazzoleni@unina.it
carlo.ferrari@unibo.it
ouce-soil-erosion@maillist.ox.ac.uk
maurizio.delmonte@uniroma1.it
Marta.Dellaseta@uniroma1.it
scodalabdiodato@gmail.com
ricercatori@irpi.cnr.it
assegnisti@irpi.cnr.it
enzo.farabegoli@unibo.it
rhawkins@ag.arizona.edu
tim.ward@manhattan.edu

=================== GTN ERC =============================================

Philippe.ROUSSIGNOL@cnrs-dir.fr, Mickael.KOUROPATOFF@cnrs-dir.fr,
guillaume.fusai@recherche.gouv.fr,
Pour :  a.beauce@brgm.fr, ac.viso@invs.sante.fr, alain.derevier@cirad.fr, alain.vidal@cemagref.fr, line.marchetti@univ-reims.fr, amelie.antoineaudo@sciences-po.fr, anne.cormier@ens.fr, anne.skrobot@sls.aphp.fr, armelle.debohan@ademe.fr, Benoit-Jules.Youbicier-Simo@dr8.cnrs.fr, c.fouillac@brgm.fr, caroline.chu@ehess.fr, catherine.daurele@ined.fr, catherine.marquie@cirad.fr, celine.bouhey@cnes.fr, celine.damon@univmed.fr, Christine.Sorel@univ-paris1.fr, claire-francoise.birckel@sls.ap-hop-paris.fr, claire.niclause@inrets.fr, daniel.cariolle@meteo.fr, Daniel.Clement@ademe.fr, denis.bouget@univ-nantes.fr, edith.buser@dauphine.fr, edouard.scott-de-martinville@irsn.fr, Emilie.Posseme@ens-lsh.fr, ethuin@idhe.ens-cachan.fr, europe@univ-fcomte.fr, europe-rd@-univ-paris-diderot.fr, europe@ujf-grenoble.fr, fabienne.giard@univ-lille3.fr, fanny.rossetti@ujf-grenoble.fr, faure@ciera.fr, fbaudier@univ-paris1.fr, francesca.arcara@ens-cachan.fr, Francois.Greaume@ademe.fr, Francois.Julien-Saint-Amand@webctp.com, francoise.grolleau@univ-angers.fr, gaetan.drouet@univ-angers.fr, georges.mosditchian@ifp.fr, gilles.saint-martin@cirad.fr, guillaume.fusai@recherche.gouv.fr, heran@ined.fr, Herve.De-tricornot@ehess.fr, isabelle.albouy@paris.inra.fr, isabelle.amabile@univmed.fr, isabelle.jamme@unicaen.fr, isabelle.pacquetet@cea.fr, iwona.jablonska@icm-institute.org, Jean-Charles.Duchene@ens-lsh.fr, jean.piranda@univ-fcomte.fr, j-francois.gruson@ifp.fr, J-luc.gardette@univ-bpclermont.fr, Jean-Michel.Nataf@ign.fr, joseph.orlinski@utc.fr, jean-paul.monge@univ-tours.fr, julie.lhomme-maublanc@ifp.fr, laure.castin@univ-reims.fr, leroy@ensmp.fr, luc.bourdeau@cstb.fr, saury@mnhn.fr, Marc.Pierrot-Deseilligny@ign.fr, Mathieu.LEPORINI@univ-bpclermont.fr, marie-christine.brugaillere@paris.ird.fr, medevielle@inrets.fr, michel.bacchus@ign.fr, Michel.Granet@eost.u-strasbg.fr, michel.loyer@inria.fr, michel.zigone@ujf-grenoble.fr, muriel.martin@ish-lyon.cnrs.fr, muriel.maurice@univ-paris-diderot.fr, Naoual.Assar@univ-lemans.fr, nechad@mnhn.fr, nicolas.lecompte@u-psud.fr, odile.de-chalendar@recherche.gouv.fr, olga.galatanu@univ-nantes.fr, philippe.villeneuve-de-janti@ineris.fr, pascale.delecluse@meteo.fr, Patrice.Bueso@ign.fr, pauline.dreux-palassy@u-cergy.fr, pauline.fournier@univ-fcomte.fr, phc@adit.fr, philippe.arhets@inserm.fr, philippe.loiseau@u-psud.fr, philippe.masset@ademe.fr, philippe.veyre@meteo.fr, pierre.simay@get-telecom.fr, richard.salives@inserm.fr, robin.sebille@lcpc.fr, romain.jacquet@anrs.fr, s.adjas@cite-sciences.fr, s.monneret@cite-sciences.fr, sandra.mereu@u-psud.fr, schott@univ-metz.fr, serge.motet@ign.fr, severine.boue@ifremer.fr, sonia.ramonteu@acta.asso.fr, sylvie.proeschel@lcpc.fr, veronique.debord-lazaro@univ-tours.fr, Veronique.misseri@utc.fr, virginie.choay@jouy.inra.fr, yann.maubras@gis-ifb.org, yolaine.bompays@univ-rennes1.fr, yves.duclos@ademe.fr, yvonne.pourrat@paris.ensam.fr
Philippe.ROUSSIGNOL@cnrs-dir.fr, Mickael.KOUROPATOFF@cnrs-dir.fr


=================== DIGUES =============================================


jacques.guillot@symadrem.fr
Jean-michel.Tanguy@developpement-durable.gouv.fr
Jean.MAURIN@developpement-durable.gouv.fr, thibaut.mallet@symadrem.fr, jean-pierre.gautier@symadrem.fr

SERGENT Philippe (Directeur Scientifique) - CETMEF/DIR <Philippe.Sergent@developpement-durable.gouv.fr>, 'Dan nguyen' <kimdan_nguyen@yahoo.fr>, FELTS Didier - CETE SO/LRB/EGR <Didier.Felts@developpement-durable.gouv.fr>, Guerri <o.guerri@eptb-dordogne.fr>, MIGNAUX Laurent - DICOM <Laurent.MIGNAUX@developpement-durable.gouv.fr>, FLEURY Jean-Michel (Chef de bureau) - SG/DICOM/IE4 <Jean-michel.Fleury@developpement-durable.gouv.fr>, RONFLE-NADAUD Catherine <catherine.ronfle-nadaud@enac.fr>, BACHOC André - DPR/SRNH/SCHAPI <Andre.BACHOC@developpement-durable.gouv.fr>, "BADER Bruno (Chef adjoint de département) - CETMEF/DRIM" <Bruno.Bader@developpement-durable.gouv.fr>, LADREYT Stéphane - CETMEF/DRIM/DSTI/GWB <Stephane.Ladreyt@developpement-durable.gouv.fr>, NEDELEC Yves - CETE SO/LRB/GEOTECH <yves.nedelec@developpement-durable.gouv.fr>, PASQUET Richard (Directeur) - CETE SO/DIRECTION <Richard.Pasquet@developpement-durable.gouv.fr>, "PONS Frederic - CETE Méditerr./DREC/HYDRAULIQUE" <Frederic.Pons@developpement-durable.gouv.fr>, TANGUY Jean-Michel - CGDD/DRI <Jean-michel.Tanguy@developpement-durable.gouv.fr>, Dominique.Astruc@imft.fr, Sylvain labbé <sylvain.labbe@teledetection.fr>, SORIN Jean-Luc - LCPC/MI <jean-luc.sorin@lcpc.fr>, TREINSOUTROT Didier (Directeur) - CETE SO/LRT/DIRECTION <Didier.Treinsoutrot@developpement-durable.gouv.fr>, marc pierrot-deseilligny <marc.pierrot-deseilligny@ign.fr>, MONTFORT Stéphane - CETE Ouest/CECP <Stephane.Montfort@developpement-durable.gouv.fr>, Jean-Marc Viglino <jean-marc.viglino@ign.fr>, Philippe Bonneton <p.bonneton@epoc.u-bordeaux1.fr>, Jean-Paul Parisot <parisot@epoc.u-bordeaux1.fr>, MAS Claude - DGAC/DSAC/ERS/AOA <claude.mas@developpement-durable.gouv.fr>
